炉号,c收得率,转炉终点温度,钢水净重,转炉终点C,石油焦增碳剂,碳化硅(55%)
7A06878             ,0.914079777,1644,74400,0.00065,85,88
7A06877             ,0.867338987,1543,74200,0.00077,68,132
7A06875             ,0.867960233,1674,73600,0.00048,85,132
7A06874             ,0.980391636,1800,72400,0.00036,90,132
7A06873             ,0.971310986,1660,70350,0.00022,90,132
7A06871             ,0.916685572,1666,73050,0.00063,80,132
7A06870             ,0.693482888,1666,74300,0.00106,58,132
7A06869             ,0.999352762,1658,74850,0.00043,85,132
7A06868             ,0.974445997,1662,81350,0.0005,85,132
7A06867             ,0.915636747,1660,73850,0.00042,85,132
7A06865             ,0.759174479,0,67400,0.00065,75,132
7A06864             ,0.828346028,1655,70000,0.00046,85,132
7A06862             ,0.847642235,1651,70000,0.00041,93,132
7A06861             ,0.925412541,1679,70100,0.0004,90,132
7A06860             ,0.716458296,1618,67400,0.00054,102,132
7A06859             ,0.819467018,1643,64700,0.00067,75,132
7A06858             ,0.816696576,1662,69800,0.00067,75,132
7A06857             ,0.754453056,1661,63300,0.00067,75,132
7A06856             ,0.806534817,1646,70100,0.00067,70,132
7A06855             ,0.783864314,1645,67500,0.00068,68,132
7A06854             ,0.934058816,1642,70000,0.00034,93,132
7A06853             ,0.866589882,1648,68400,0.00097,51,132
7A06852             ,0.78534661,1662,62900,0.00067,68,132
7A06851             ,0.633423645,1689,63500,0.00138,34,132
7A06850             ,0.852844037,1660,66400,0.00065,75,132
7A06849             ,0.92078793,1652,71500,0.00071,68,132
7A06848             ,0.883533303,1707,72800,0.00085,51,132
7A06847             ,0.87536696,1668,70000,0.00066,68,132
7A06846             ,0.990465553,1677,70600,0.00034,85,132
7A06845             ,0.913499908,1689,74400,0.0007,68,132
7A06843            ,0.983887556,1651,71750,0.0003,85,132
7A06835             ,0.920785912,1677,71700,0.00073,68,132
7A06834             ,0.940495752,1656,76100,0.00054,80,132
7A06833             ,0.887315104,1672,72250,0.00049,85,132
7A06831             ,0.938316104,0,73000,0.00041,85,132
7A06830             ,0.929749349,1678,72600,0.00033,85,132
7A06829             ,0.772528317,1640,70500,0.00101,51,132
7A06828             ,0.914935065,1651,70450,0.00072,68,132
7A06827             ,0.844803392,1656,71150,0.00076,68,132
7A06826             ,0.863778954,1661,69950,0.00069,68,132
7A06825             ,0.982297971,1667,70300,0.00073,51,132
7A06824             ,0.901720663,1693,69250,0.00072,68,132
7A06823             ,0.845635992,1656,75200,0.00108,51,132
7A06821             ,0.931381196,1647,70400,0.0008,51,132
7A06820             ,0.92713315,1677,70450,0.00077,54,132
7A06818             ,0.81051215,1618,71700,0.00093,68,132
7A06817             ,0.996275941,1805,74050,0.00077,51,132
7A06815             ,0.954334656,1647,72900,0.00042,95,88
7A06814             ,0.944632768,1659,73150,0.0008,75,88
7A06813             ,0.907161804,1672,74000,0.00059,90,88
7A06811             ,0.799598455,1687,68300,0.00119,40,88
7A06810             ,0.805310963,1664,72800,0.00104,51,88
7A06809             ,0.905483518,1669,72000,0.00069,80,88
7A06808             ,0.83530303,1669,72150,0.00071,80,88
7A06807             ,0.872000623,0,71750,0.00074,80,88
7A06806             ,0.904756554,1675,71050,0.0006,85,88
7A06805             ,0.814243839,1663,71500,0.001,51,88
7A06804             ,0.801239758,0,69000,0.00088,60,88
7A06803             ,0.945494735,1657,77900,0.00069,75,88
7A06802             ,0.92561568,1651,67050,0.00078,68,88
7A06801             ,0.87285895,1624,74050,0.00053,102,88
7A06800             ,0.727927821,1669,73100,0.0014,34,88
7A06799             ,0.923816479,1673,73850,0.00063,85,88
7A06798             ,0.937930728,1682,75150,0.00097,51,88
7A06797             ,0.894297677,1672,75900,0.00071,85,88
7A06796             ,0.990318119,1679,74000,0.00061,85,88
7A06794             ,0.916541415,1682,75500,0.00082,68,88
7A06789             ,0.996626109,1720,73200,0.00035,102,88
7A06787             ,0.798356643,1638,70800,0.00101,51,132
7A06786             ,0.819785514,1678,68500,0.00076,68,132
7A06785             ,0.811804009,1664,72900,0.00075,68,132
7A06784             ,0.922644657,1687,74000,0.00078,51,132
7A06783             ,0.89654885,1671,72500,0.00094,51,132
7A06782             ,0.911953767,1667,72850,0.00077,68,132
7A06780             ,0.817225469,1679,73800,0.00076,68,132
7A06779             ,0.922888617,1654,75400,0.0007,68,132
7A06778             ,0.720639535,1687,70300,0.00076,68,132
7A06777             ,0.699939431,1705,64200,0.00076,68,132
7A06776             ,0.832137952,1653,71750,0.00078,68,132
7A06775             ,0.920571331,1694,71450,0.00038,85,132
7A06774             ,0.829192934,1639,72050,0.00063,75,132
7A06773             ,0.879659643,1652,71500,0.00063,75,132
7A06772             ,0.906765497,1645,73400,0.0006,75,132
7A06771             ,0.874322397,1641,68100,0.00051,85,132
7A06770             ,0.845177388,1682,74850,0.00065,75,132
7A06769             ,0.910117503,1658,74550,0.0007,68,132
7A06767             ,0.706204939,1688,63500,0.00075,68,132
7A06766             ,0.797792706,1666,73350,0.0006,95,132
7A06764             ,0.945496829,1648,75800,0.00053,80,132
7A06763             ,0.844158416,0,73500,0.00046,90,132
7A06762             ,0.968184818,1803,77200,0.0004,90,132
7A06761             ,0.918550385,1802,71900,0.00034,92,132
7A06760             ,0.888586604,1645,72200,0.0004,93,132
7A06757             ,0.99546517,1651,74350,0.00063,68,132
7A06755             ,0.892203227,1678,75800,0.00086,68,88
7A06754             ,0.983573818,1679,78800,0.00091,51,132
7A06753             ,0.922455794,1673,68150,0.00083,51,132
7A06752             ,0.842053541,1675,75300,0.00065,85,132
7A06751             ,0.929784863,1691,74300,0.00074,68,88
7A06747             ,0.943804284,1672,75950,0.00033,102,88
7A06746             ,0.932010456,1715,70050,0.00022,102,88
7A06745             ,0.711090092,1629,75600,0.00051,102,132
7A06744             ,0.958787664,1645,73900,0.00047,80,132
7A06742             ,0.961911115,1674,66300,0.00056,58,132
7A06741             ,0.98894559,1684,72800,0.00041,78,132
7A06740             ,0.849167032,1686,70000,0.001,40,132
7A06739             ,0.943282727,1667,71200,0.00045,78,132
7A06738             ,0.909509092,1651,66600,0.0005,78,132
7A06737             ,0.933535792,1666,74200,0.00085,51,132
7A06736             ,0.780075645,1609,73100,0.00062,85,132
7A06735             ,0.948011234,1656,73900,0.00071,68,132
7A06734             ,0.914638334,1655,72650,0.00065,68,132
7A06733             ,0.808126446,1666,64700,0.00078,68,132
7A06732             ,0.9325,1665,74600,0.00097,51,132
7A06730             ,0.846153846,1691,71500,0.00058,85,132
7A06729             ,0.94230099,1725,79850,0.00047,102,132
7A06728             ,0.827166089,1703,67450,0.00082,51,132
7A06727             ,0.942824357,1687,75150,0.00066,68,132
7A06726             ,0.97495066,1665,76000,0.00071,68,132
7A06725             ,0.885885886,1639,73750,0.00074,68,132
7A06724             ,0.860819748,1689,71300,0.00073,68,132
7A06723             ,0.932351577,1653,74450,0.00068,68,132
7A06722             ,0.914382768,1664,70500,0.00072,68,132
7A06721             ,0.898395598,1678,71550,0.00068,68,132
7A06720             ,0.950666563,1666,72150,0.0007,68,132
7A06719             ,0.860801989,0,68800,0.00069,68,132
7A06718             ,0.967982592,1682,72000,0.00067,68,132
7A06717             ,0.928014842,1674,73200,0.00076,68,132
7A06716             ,0.984601113,1804,73200,0.00066,68,132
7A06715             ,0.785732226,1673,71350,0.00059,95,132
7A06714             ,0.916477566,1682,71800,0.00042,92,132
7A06713             ,0.822116689,0,69350,0.00054,80,132
7A06712             ,0.899520087,1672,73550,0.00072,68,132
7A06710             ,0.878736175,1683,73000,0.00071,68,0
7A06709             ,0.950838446,1657,72650,0.00048,85,132
7A06707             ,0.799942476,0,70950,0.00073,68,132
7A06706             ,0.943492063,0,74300,0.00072,70,132
7A06705             ,0.830589886,0,72900,0.00075,60,0
7A06704             ,0.823409286,1677,75400,0.0007,68,0
7A06703             ,0.870602646,1710,76250,0.00077,68,0
7A06702             ,0.868256881,1672,70000,0.00051,75,132
7A06701             ,0.950281788,1684,74600,0.00065,68,132
7A06700             ,0.863863081,1679,72600,0.00084,60,132
7A06699             ,0.867382845,1686,72250,0.00085,58,132
7A06698             ,0.929441576,1680,72200,0.00065,51,0
7A06697             ,0.880523599,1680,72200,0.0007,51,0
7A06696             ,0.896699606,1673,73050,0.00061,68,132
7A06693             ,0.966479649,1639,71850,0.00037,82,132
7A06692             ,0.660442738,1656,72100,0.00071,85,0
7A06691             ,0.756425642,1802,71600,0.00066,85,0
7A06688             ,0.973360274,1672,72400,0.00067,68,132
7A06687             ,0.992080241,1645,75050,0.00069,68,132
7A06686             ,0.905380334,1663,73200,0.0007,68,132
7A06685             ,0.899840663,1674,74800,0.00079,64,132
7A06684             ,0.911968355,1692,73700,0.00047,85,132
7A06683             ,0.790908474,1662,69000,0.00068,68,132
7A06682             ,0.921369158,1668,74500,0.00066,68,132
7A06681             ,0.989786616,1664,69350,0.00077,58,132
7A06680             ,0.871215378,1664,73800,0.00067,85,132
7A06679             ,0.943013511,1658,72550,0.00088,54,132
7A06678             ,0.995888158,1799,75250,0.00067,68,132
7A06676             ,0.963914288,1660,69050,0.0005,95,88
7A06675             ,0.958335877,1641,73450,0.00069,68,132
7A06674             ,0.912820162,1686,74050,0.0005,85,132
7A06672             ,0.851967326,0,74550,0.00071,68,132
7A06671             ,0.809527837,1640,69200,0.00064,80,132
7A06670             ,0.889446171,1651,69950,0.0006,80,132
7A06669             ,0.880005624,1641,73200,0.00069,80,132
7A06668             ,0.79566051,1656,71550,0.00056,95,132
7A06667             ,0.838003839,1638,70800,0.00045,95,132
7A06666             ,0.837401575,1693,70900,0.00072,80,132
7A06665             ,0.88133279,1679,73300,0.00053,85,132
7A06664             ,0.958765373,1653,74550,0.0007,75,88
7A06663             ,0.918732113,1684,67050,0.00072,68,88
7A06662             ,0.99086684,1682,70850,0.00066,68,88
7A06661             ,0.932916357,1691,71700,0.00094,51,88
7A06659             ,0.952280744,1666,72300,0.00066,85,88
7A06658             ,0.977574813,1664,76300,0.00069,85,88
7A06655             ,0.983436993,1688,74600,0.00074,68,88
7A06654             ,0.94125263,1672,72700,0.00078,68,88
7A06653             ,0.905317955,1693,76100,0.00079,68,88
7A06652             ,0.870591738,1662,72200,0.00068,85,88
7A06651             ,0.917901122,1696,73450,0.00035,102,132
7A06650             ,0.857963814,1660,75900,0.00063,85,132
7A06649             ,0.851707765,1658,74600,0.00057,102,88
7A06648             ,0.930818276,1655,73300,0.00096,51,132
7A06647             ,0.934486803,1675,71600,0.00092,51,132
7A06645             ,0.966666667,1726,72500,0.00028,90,132
7A06644             ,0.851196174,1656,70250,0.00089,85,0
7A06643             ,0.888809131,1692,73800,0.00069,102,0
7A06642             ,0.870073655,1651,69400,0.00104,70,0
7A06641             ,0.906003374,1650,68200,0.00078,92,0
7A06639             ,0.810250811,1678,68800,0.00124,58,0
7A06638             ,0.867794558,1800,72750,0.00089,85,0
7A06637             ,0.978561234,1655,72900,0.00066,105,0
7A06636             ,0.717446676,1671,69400,0.00127,56,0
7A06635             ,0.871432331,1662,70500,0.00065,102,0
7A06634             ,0.980267655,0,71700,0.00081,85,0
7A06632             ,0.992349441,0,74650,0.00075,85,0
7A06631             ,0.994939355,1660,72350,0.0007,85,0
7A06629             ,0.950602614,1663,74000,0.0008,85,0
7A06628             ,0.854934684,0,69650,0.00069,102,0
7A06627             ,0.974430907,1639,72800,0.00074,85,0
7A06626             ,0.870739043,1655,72050,0.00079,85,0
7A06624             ,0.912437963,1645,72950,0.00054,102,0
7A06623             ,0.9783926,0,73100,0.00074,85,0
7A06622             ,0.922567691,1672,74850,0.00065,102,0
7A06621             ,0.857112915,1693,69950,0.00058,102,0
7A06618             ,0.970361172,1744,73650,0.00032,119,0
7A06616             ,0.963542499,1680,73900,0.0008,68,88
7A06615             ,0.86998066,1669,73800,0.00105,51,88
7A06614             ,0.965870023,1684,74450,0.00094,51,88
7A06613             ,0.97683089,1680,74000,0.00079,68,88
7A06612             ,0.902822804,1677,74150,0.00067,85,88
7A06610             ,0.952322204,1645,70800,0.00073,68,88
7A06609             ,0.878710648,1663,71150,0.00065,85,88
7A06607             ,0.942021366,1676,72250,0.00075,68,88
7A06606             ,0.965260759,1666,75550,0.00069,85,88
7A06604             ,0.853726109,1667,71600,0.00094,51,132
7A06603             ,0.834455446,1651,73500,0.00058,90,132
7A06602             ,0.92557422,1663,71050,0.0004,85,132
7A06600             ,0.948472268,1658,72300,0.00072,58,132
7A06599             ,0.967077006,1647,72050,0.00065,68,132
7A06598             ,0.928786852,1656,71750,0.00039,85,132
7A06596             ,0.91811958,1666,74900,0.00052,90,132
7A06595             ,0.966772391,1668,74000,0.00067,68,132
7A06593             ,0.999236796,1663,75100,0.00033,85,132
7A06592             ,0.87840634,1671,75800,0.00082,51,132
7A06591             ,0.989620361,1666,72500,0.00048,78,132
7A06590             ,0.884179073,1656,74450,0.0008,68,132
7A06589             ,0.962721848,1640,71100,0.00063,68,132
7A06588             ,0.860873577,1648,73650,0.00068,68,132
7A06587             ,0.897050949,1676,73750,0.00071,68,132
7A06586             ,0.925948088,1656,73550,0.00068,68,132
7A06585             ,0.949541004,1606,68200,0.00058,68,132
7A06584             ,0.921148256,1669,71250,0.00071,68,132
7A06583             ,0.862029529,1678,73650,0.00067,68,132
7A06582             ,0.967167795,1652,73550,0.00069,68,132
7A06581             ,0.979437229,1648,72400,0.00065,68,132
7A06580             ,0.80654892,1804,69850,0.00061,85,132
7A06579             ,0.928447984,1658,74050,0.00045,85,132
7A06577             ,0.905053908,1666,72600,0.00045,85,132
7A06576             ,0.930766603,1650,74850,0.00048,85,132
7A06575             ,0.944580777,1639,74500,0.00054,85,132
7A06574             ,0.878563656,1640,73400,0.00054,85,132
7A06573             ,0.877000682,1655,73100,0.00054,85,132
7A06572             ,0.925056062,1648,71950,0.00068,68,132
7A06571             ,0.936250881,1655,73400,0.00049,80,132
7A06570             ,0.947368421,1653,72000,0.00068,68,132
7A06569             ,0.758691207,1634,63600,0.00065,85,132
7A06568             ,0.944742927,1638,73500,0.00051,85,132
7A06567             ,0.904499438,1663,74800,0.00058,80,132
7A06566             ,0.861194202,1648,68050,0.00065,68,132
7A06565             ,0.853581327,1656,64300,0.00058,75,132
7A06564             ,0.90291381,1655,73750,0.0003,102,132
7A06563             ,0.945047588,1653,74600,0.00047,90,132
7A06562             ,0.861621842,1639,68650,0.00076,60,132
7A06561             ,0.859122181,1634,72900,0.00045,95,132
7A06560             ,0.969970255,1695,75500,0.00027,110,88
7A06559             ,0.916813909,1677,71100,0.00084,68,88
7A06558             ,0.936283398,1715,70600,0.00063,85,88
7A06557             ,0.821704451,1703,74850,0.00038,102,88
7A06556             ,0.93919598,1656,70350,0.00062,85,88
7A06554             ,0.990649569,1680,73700,0.00099,51,88
7A06550             ,0.965957249,1669,74200,0.00081,68,88
7A06549             ,0.905283882,1656,74050,0.00067,85,88
7A06544             ,0.918567127,1671,72550,0.00066,68,132
7A06543             ,0.998293688,1671,72650,0.00069,58,132
7A06542             ,0.956832435,1666,72700,0.00091,51,132
7A06541             ,0.87730507,1661,71600,0.001,51,132
7A06538             ,0.878536837,1691,64200,0.00073,60,132
7A06536             ,0.934885932,1681,70250,0.00058,75,132
7A06535             ,0.930182883,1679,73150,0.00052,78,132
7A06534             ,0.996407186,1677,75200,0.00032,95,132
7A06532             ,0.936345118,1725,73450,0.00036,90,132
7A06531             ,0.993022024,1668,74550,0.00054,70,132
7A06530             ,0.894405512,1683,72350,0.00063,80,88
7A06529             ,0.910148651,1674,71050,0.00033,98,88
7A06528             ,0.983635695,1644,72950,0.00065,75,88
7A06527             ,0.811878728,1654,69300,0.00065,93,88
7A06526             ,0.929036458,1629,71350,0.0007,75,88
7A06525             ,0.756983122,1672,67700,0.00061,93,88
7A06524             ,0.919186564,1800,76050,0.00067,85,88
7A06522             ,0.870576251,1688,70800,0.00061,75,132
7A06521             ,0.888785558,1662,73850,0.00065,75,132
7A06520             ,0.929318553,1647,72300,0.00051,85,132
7A06519             ,0.831270403,1667,71900,0.0005,85,132
7A06518             ,0.878137621,1654,73400,0.00073,68,132
7A06517             ,0.938960249,1689,73100,0.00071,68,132
7A06516             ,0.88902027,1803,69250,0.00021,100,132
7A06515             ,0.926288618,1663,74700,0.00094,51,132
7A06514             ,0.951508844,1682,71850,0.00094,34,132
7A06513             ,0.927429721,1715,73300,0.00042,85,132
7A06512             ,0.968389422,1651,73950,0.00079,51,132
7A06511             ,0.806618363,1680,74300,0.0009,51,132
7A06510             ,0.882413752,1653,74400,0.00062,102,0
7A06509             ,0.932585109,1652,74200,0.00055,85,132
7A06508             ,0.90159522,1671,72850,0.00067,68,132
7A06507             ,0.943682887,1673,75050,0.00067,68,132
7A06506             ,0.792683393,1684,71000,0.00074,68,132
7A06505             ,0.898607301,1659,71400,0.00063,68,132
7A06504             ,0.956567041,1676,78800,0.0011,34,132
7A06503             ,0.927650903,1647,77850,0.00073,68,132
7A06500             ,0.953347304,1641,67850,0.00045,102,0
7A06499             ,0.951302836,1671,71700,0.00043,119,0
7A06498             ,0.881272635,1662,72200,0.00068,102,0
7A06497             ,0.898494067,1651,73200,0.00057,119,0
7A06496             ,0.982973928,1645,71800,0.00049,110,0
7A06495             ,0.858240423,1682,71100,0.00072,100,0
7A06494             ,0.900158719,1682,70100,0.00059,102,0
7A06493             ,0.944849038,1663,74600,0.0005,112,0
7A06492             ,0.902918946,0,71900,0.0006,105,0
7A06491             ,0.900415456,1689,72150,0.00065,102,0
7A06490             ,0.916427323,1704,73650,0.00074,95,0
7A06489             ,0.859623838,1678,71100,0.00069,102,0
7A06488             ,0.956549815,1679,71650,0.00046,115,0
7A06487             ,0.656346448,1662,69350,0.00084,119,0
7A06486             ,0.917431288,1800,73650,0.00031,119,0
7A06485             ,0.855522412,1689,74900,0.001,90,0
7A06484             ,0.966068139,1666,71700,0.00073,85,0
7A06483             ,0.982229608,0,74600,0.00075,85,0
7A06482             ,0.847146865,1640,73700,0.00067,102,0
7A06479             ,0.87702034,1707,70500,0.00076,85,0
7A06478             ,0.932909506,1674,69050,0.00074,85,0
7A06477             ,0.753649002,0,70050,0.00075,102,0
7A06476             ,0.871112273,0,73400,0.00101,68,0
7A06475             ,0.846978427,1659,71050,0.00081,85,0
7A06474             ,0.778448033,1662,72700,0.00094,85,0
7A06473             ,0.780786961,1678,70550,0.00071,102,0
7A06472             ,0.799381763,1645,72650,0.00071,102,0
7A06471             ,0.843915344,1643,73950,0.00067,102,0
7A06470             ,0.802367118,1666,73000,0.00072,102,0
7A06469             ,0.926397167,1672,73150,0.00038,119,0
7A06468             ,0.710713019,1617,73450,0.00074,127,0
7A06467             ,0.777064378,1655,65600,0.00082,68,88
7A06466             ,0.910925493,1654,71000,0.00038,102,88
7A06465             ,0.943591048,1660,71350,0.00048,90,88
7A06464             ,0.855089355,1662,71000,0.00065,80,88
7A06463             ,0.861767779,1668,70850,0.00057,85,88
7A06462             ,0.936423441,1659,70100,0.00041,102,88
7A06461             ,0.967358448,1666,70300,0.00057,85,88
7A06460             ,0.761231398,1645,70450,0.00117,40,88
7A06459             ,0.878118093,1658,67500,0.00034,110,88
7A06458             ,0.890152061,1802,74000,0.00083,68,88
7A06457             ,0.907457698,1649,72400,0.0005,95,88
7A06456             ,0.856307947,1659,75050,0.00075,68,88
7A06455             ,0.934150816,1662,75900,0.00101,51,88
7A06454             ,0.822400154,1672,71500,0.00075,85,88
7A06453             ,0.849591789,1668,74500,0.0009,68,88
7A06451             ,0.829943429,1662,73750,0.00082,68,88
7A06450             ,0.892092181,1664,73000,0.00101,51,88
7A06449             ,0.78153979,1671,72450,0.00106,51,88
7A06448             ,0.814575348,1670,74650,0.00106,51,88
7A06445             ,0.839955276,1679,70950,0.00041,85,88
7A06444             ,0.853663407,1640,74050,0.00067,85,88
7A06443             ,0.818372126,1662,68050,0.00062,85,88
7A06440             ,0.847918273,1641,66250,0.00074,68,132
7A06439             ,0.819032382,1651,70350,0.00069,68,132
7A06438             ,0.86507133,1640,72300,0.00074,68,132
7A06437             ,0.914038343,1673,73900,0.0007,68,132
7A06436             ,0.859756098,1680,70500,0.00071,68,132
7A06435             ,0.935621521,1683,73800,0.00066,68,132
7A06434             ,0.775888454,0,70200,0.0009,54,132
7A06433             ,0.905690054,1671,75300,0.00074,68,132
7A06432             ,0.674049475,1666,67200,0.00072,85,132
7A06431             ,0.88233282,1679,73700,0.0008,54,132
7A06430             ,0.878113525,1693,72650,0.00072,68,132
7A06429             ,0.850065365,1674,72250,0.00077,68,132
7A06428             ,0.785031185,1694,70800,0.00076,68,132
7A06426             ,0.965353261,1651,71050,0.0005,85,88
7A06424             ,0.71804419,1638,70850,0.00079,110,88
7A06423             ,0.762513584,0,71000,0.00072,108,88
7A06422             ,0.873508242,1676,72350,0.00074,80,88
7A06421             ,0.811932795,1640,63600,0.00037,102,88
7A06420             ,0.891520633,1637,75100,0.00052,93,88
7A06419             ,0.923878994,1640,73650,0.00049,95,88
7A06418             ,0.915479423,1689,74700,0.00044,95,88
7A06416             ,0.783922842,1656,64450,0.00057,85,88
7A06415             ,0.883293781,1658,73150,0.00047,95,88
7A06414             ,0.905283882,1655,74050,0.00057,85,88
7A06413             ,0.883002588,1664,73100,0.00038,102,88
7A06411             ,0.854925663,1650,71250,0.00085,68,88
7A06410             ,0.839583019,1668,70000,0.00073,68,88
7A06409             ,0.800173671,1671,70900,0.00094,68,88
7A06408             ,0.778220989,1682,65550,0.00073,85,88
7A06407             ,0.800723667,0,71700,0.0008,85,88
7A06406             ,0.786767451,1672,68400,0.00091,68,88
7A06405             ,0.793322039,1677,70400,0.00093,68,88
7A06404             ,0.889915097,0,73000,0.00082,68,88
7A06403             ,0.980671771,1648,79200,0.00081,68,88
7A06402             ,0.930052281,1687,73700,0.00041,102,88
7A06401             ,0.873621025,1662,71800,0.00065,85,88
7A06400             ,0.904066479,1642,71050,0.00097,51,88
7A06399             ,0.895782841,1666,72800,0.00065,85,88
7A06398             ,0.983059475,1684,76350,0.00068,85,88
7A06397             ,0.996791571,1663,72300,0.00078,68,88
7A06396             ,0.936933289,1662,73900,0.00039,90,132
7A06395             ,0.908412753,1705,73200,0.00049,85,132
7A06394             ,0.937970518,1672,73550,0.00054,85,132
7A06392             ,0.969569826,1684,75700,0.00085,51,132
7A06391             ,0.952451148,1687,73500,0.00041,85,132
7A06390             ,0.820284996,0,69900,0.00086,68,132
7A06388             ,0.90290385,0,71550,0.00054,78,132
7A06387             ,0.899588316,1618,71700,0.00048,90,132
7A06384             ,0.815102897,1571,72100,0.00063,85,132
7A06383             ,0.776354723,1659,72100,0.00097,51,132
7A06382             ,0.816066711,1689,67700,0.00084,58,132
7A06381             ,0.885742848,1672,71100,0.00068,68,132
7A06380             ,0.901686508,1692,70150,0.00091,54,132
7A06377             ,0.908800901,1662,73550,0.00071,68,132
7A06376             ,0.96317351,1638,70500,0.00071,54,132
7A06375             ,0.986329815,1633,71250,0.0007,54,132
7A06372             ,0.9623125,1639,71200,0.00067,68,132
7A06371             ,0.85642291,1679,68450,0.00069,68,132
7A06370             ,0.993873655,1674,70700,0.00078,54,132
7A06369             ,0.949160709,1698,70600,0.00067,68,132
7A06368             ,0.994357414,1662,70300,0.00054,72,132
7A06367             ,0.82036734,1682,67750,0.00096,44,132
7A06365             ,0.790196443,1649,65150,0.00067,72,132
7A06364             ,0.849245211,1650,71600,0.00043,95,132
7A06363             ,0.921860851,1594,74900,0.00037,95,132
7A06362             ,0.95171836,1643,70650,0.00035,90,132
7A06361             ,0.952143704,1807,72650,0.00041,90,132
7A06360             ,0.923581848,1648,72050,0.00066,75,132
7A06359             ,0.879749554,1671,72750,0.00047,90,132
7A06358             ,0.889452083,1639,73050,0.00052,85,132
7A06357             ,0.828900138,0,68400,0.00072,68,132
7A06356             ,0.845568377,0,71750,0.00076,60,132
7A06355             ,0.912742539,1652,69550,0.00044,80,132
7A06354             ,0.952078775,1651,68700,0.0005,75,132
7A06353             ,0.821860847,1660,69950,0.00051,90,132
7A06351             ,0.980836376,1645,73150,0.00028,90,132
7A06350             ,0.887315735,1704,71500,0.00049,85,132
7A06349             ,0.952782701,1659,75500,0.00052,80,132
7A06348             ,0.857178645,1649,74050,0.00106,51,132
7A06347             ,0.9794975,1666,76550,0.00079,56,132
7A06346             ,0.937874465,1732,73050,0.00031,85,132
7A06345             ,0.883275006,1726,71400,0.00088,60,132
7A06344             ,0.855486773,1678,68250,0.00067,68,132
7A06343             ,0.868203753,1670,73600,0.00066,68,132
7A06341             ,0.842723822,1656,71200,0.00106,44,132
7A06340             ,0.886533331,1661,73900,0.00095,44,132
7A06338             ,0.900238388,1667,70100,0.00073,68,132
7A06337             ,0.809252089,1668,72200,0.00075,85,132
7A06336             ,0.946233947,1667,69900,0.00084,54,132
7A06335             ,0.91007107,1663,71850,0.00066,68,132
7A06334             ,0.966252588,1636,71800,0.00074,54,132
7A06331             ,0.880599907,1639,73300,0.00065,68,132
7A06329             ,0.90092144,1667,73850,0.00079,54,132
7A06328             ,0.909110573,1640,70050,0.0008,54,132
7A06327             ,0.973819,0,72150,0.00074,54,132
7A06326             ,0.936477987,1642,74450,0.00076,68,132
7A06325             ,0.835698218,1632,74300,0.0011,54,132
7A06324             ,0.967510845,0,71250,0.00076,54,132
7A06322             ,0.950037955,1666,70600,0.00035,96,88
7A06321             ,0.946020049,1656,73950,0.00059,85,88
7A06320             ,0.928066776,1637,72400,0.00058,85,88
7A06318             ,0.982111945,1631,74000,0.00046,90,88
7A06317             ,0.972693913,1633,71150,0.0005,90,88
7A06315             ,0.974494441,1710,74200,0.00054,85,88
7A06313             ,0.940133568,1671,71900,0.00044,95,88
7A06311             ,0.976206529,1642,74350,0.00045,92,88
7A06310             ,0.984333381,1676,76800,0.00051,90,88
7A06308             ,0.99656306,1660,74100,0.0005,85,88
7A06307             ,0.999058274,1686,74500,0.00062,85,88
7A06306             ,0.890447582,1666,72300,0.00066,85,88
7A06304             ,0.934191696,1679,71700,0.00081,68,88
7A06303             ,0.820741974,1683,74650,0.00065,85,88
7A06302             ,0.839347292,1668,76000,0.00085,68,88
7A06299             ,0.932749434,1682,70700,0.00075,68,88
7A06298             ,0.848522777,1669,73750,0.00075,68,88
7A06296             ,0.893828098,1688,72350,0.00064,85,88
7A06295             ,0.97758788,1713,74650,0.00033,102,88
7A06293             ,0.976234754,1698,74950,0.00067,85,88
7A06290             ,0.990613497,1671,72300,0.00029,85,132
7A06289             ,0.812264803,1668,64100,0.00065,68,132
7A06288             ,0.996447766,1680,73700,0.00079,58,132
7A06286             ,0.824435463,1659,66600,0.00103,34,132
7A06284             ,0.968431849,1684,68900,0.00055,70,132
7A06282             ,0.998295842,1648,72500,0.00038,85,132
7A06281             ,0.896422105,1676,63400,0.00076,68,88
7A06280             ,0.974548573,1675,73250,0.00067,85,88
7A06279             ,0.835777115,1679,64150,0.00067,85,88
7A06278             ,0.973486604,1663,72750,0.00078,68,88
7A06277             ,0.856100766,1656,70100,0.00083,68,88
7A06276             ,0.882853614,1667,72800,0.00068,85,88
7A06275             ,0.867563713,1668,73300,0.00095,51,88
7A06272             ,0.892362571,1656,73350,0.00068,85,88
7A06271             ,0.906437764,1684,71850,0.00081,68,88
7A06270             ,0.851560744,1661,63950,0.00076,68,88
7A06269             ,0.954513581,1650,71600,0.0009,51,88
7A06268             ,0.942581251,1679,72300,0.00103,51,88
7A06266             ,0.930767948,1662,70650,0.00082,58,132
7A06265             ,0.893684861,1651,71900,0.00069,68,132
7A06264             ,0.870284398,1675,71700,0.00093,51,132
7A06262             ,0.845991878,1662,70000,0.00068,68,132
7A06261             ,0.854631587,1668,69800,0.00062,76,132
7A06259             ,0.839117099,1697,68600,0.00082,56,132
7A06257             ,0.951480391,1642,68200,0.0006,68,132
7A06256             ,0.953893289,0,69000,0.00055,73,132
7A06255             ,0.90454138,0,70000,0.00067,72,132
7A06253             ,0.902989549,1683,68800,0.00068,62,132
7A06251             ,0.876337702,1658,65700,0.00057,68,132
7A06250             ,0.921042696,1658,70250,0.00049,85,132
7A06249             ,0.940623284,1666,71000,0.00047,85,132
7A06247             ,0.924206105,1668,69850,0.00072,54,132
7A06246             ,0.868815564,1689,68450,0.00088,54,132
7A06245             ,0.875643311,1634,67650,0.00053,68,132
7A06244             ,0.912139621,1605,68850,0.00037,85,132
7A06243             ,0.905718965,1633,69850,0.0005,85,132
7A06242             ,0.902931152,1800,71600,0.00055,85,132
7A06241             ,0.932973056,1710,72800,0.00064,68,132
7A06240             ,0.853645793,1656,71150,0.00065,68,132
7A06239             ,0.940688776,1663,68750,0.00053,68,132
7A06238             ,0.907248686,1673,69750,0.00089,54,132
7A06237             ,0.937636069,1664,69800,0.00066,68,132
7A06235             ,0.952216929,1658,73200,0.00088,60,88
7A06234             ,0.935168539,0,71750,0.00056,85,88
7A06233             ,0.869103341,1578,72100,0.00049,93,88
7A06232             ,0.913966636,0,74400,0.00044,95,88
7A06231             ,0.862370308,1672,72850,0.0005,95,88
7A06230             ,0.956304451,1630,73750,0.00038,100,88
7A06229             ,0.915421326,1661,72200,0.00042,92,88
7A06228             ,0.935400387,0,71300,0.00047,90,88
7A06227             ,0.91022493,1672,73950,0.00043,110,88
7A06226             ,0.934638697,1627,76350,0.00034,105,132
7A06225             ,0.938125484,1734,73850,0.00033,105,88
7A06221             ,0.890594351,1672,69850,0.00061,85,88
7A06220             ,0.819348998,1687,70400,0.00089,68,88
7A06219             ,0.948222511,1664,72050,0.0008,68,88
7A06218             ,0.940964437,1662,73150,0.00083,68,88
7A06215             ,0.958601983,1643,70250,0.00097,51,88
7A06214             ,0.954334425,1673,70200,0.00071,68,88
7A06212             ,0.981298991,1675,70150,0.00094,51,88
7A06211             ,0.97060927,1671,71250,0.0006,68,88
7A06209             ,0.897304288,1694,73400,0.00082,68,88
7A06206             ,0.988471746,1645,70050,0.00022,94,132
7A06205             ,0.873886743,1693,71800,0.00063,76,132
7A06204             ,0.948791209,1689,71950,0.00054,80,132
7A06203             ,0.850702777,1684,70900,0.00045,85,132
7A06201             ,0.955195274,1684,72400,0.00039,90,132
7A06200             ,0.965451403,1672,75200,0.00074,60,132
7A06198             ,0.981268908,1704,71850,0.00072,55,132
7A06197             ,0.978986559,1664,68550,0.00053,70,132
7A06196             ,0.895756257,0,68600,0.00038,85,132
7A06195             ,0.789781477,1691,65700,0.00055,90,132
7A06194             ,0.919119528,1624,75800,0.00057,80,132
7A06191             ,0.901509523,0,72150,0.00045,85,132
7A06189             ,0.916825437,1642,68550,0.00028,95,132
7A06188             ,0.916981132,1630,77700,0.00068,75,132
7A06187             ,0.894900401,1621,74350,0.00069,80,132
7A06186             ,0.82116598,0,71800,0.00094,51,132
7A06185             ,0.960459594,1662,77400,0.00068,68,132
7A06184             ,0.858336742,0,75400,0.00053,85,132
7A06183             ,0.688888889,0,72400,0.00127,34,132
7A06182             ,0.8759731,1676,79600,0.00068,85,132
7A06181             ,0.799701373,1673,72500,0.00056,85,132
7A06180             ,0.919202392,1648,76100,0.0004,85,132
7A06179             ,0.91687466,1682,73600,0.00099,51,132
7A06178             ,0.814591902,1651,68750,0.00073,68,132
7A06177             ,0.848434144,1689,77100,0.00074,68,132
7A06176             ,0.954023535,1683,73100,0.00069,51,132
7A06175             ,0.881511813,1672,72600,0.00089,51,132
7A06173             ,0.961854361,1652,73000,0.00078,51,132
7A06171             ,0.903986156,1683,73200,0.00068,68,132
7A06170             ,0.886633558,1693,71600,0.00097,51,132
7A06169             ,0.932934229,1696,74400,0.00044,85,132
7A06167             ,0.90760552,1689,70500,0.00105,51,88
7A06165             ,0.906128107,1656,75000,0.00084,68,88
7A06164             ,0.899075416,1668,73000,0.00081,68,88
7A06163             ,0.86170297,1667,70950,0.00056,90,132
7A06161             ,0.909492629,1676,69450,0.00039,85,132
7A06160             ,0.969667467,1679,72900,0.00036,85,132
7A06159             ,0.959523052,1672,71850,0.00062,65,132
7A06158             ,0.8505539,1663,68300,0.00067,68,132
7A06157             ,0.972014205,1667,74500,0.00061,68,132
7A06156             ,0.970232327,1688,73450,0.00031,90,132
7A06155             ,0.931618805,1673,71000,0.00055,72,132
7A06152             ,0.904460062,1672,68350,0.00047,85,132
7A06151             ,0.988179637,0,70650,0.00036,85,132
7A06149             ,0.963001447,1669,69400,0.00019,92,132
7A06148             ,0.837450275,1689,68850,0.00071,68,132
7A06146             ,0.862447012,1629,65650,0.00046,85,132
7A06145             ,0.971490751,1610,74400,0.00038,85,132
7A06143             ,0.902956742,1652,71350,0.00065,68,132
7A06142             ,0.991241668,1659,73500,0.00066,68,132
7A06141             ,0.918746736,1689,69450,0.00078,54,132
7A06140             ,0.932800781,1656,70650,0.00061,68,132
7A06139             ,0.773546093,1653,66700,0.00083,54,132
7A06137             ,0.868138951,1688,66450,0.00079,54,132
7A06136             ,0.88707483,1669,70400,0.00067,68,132
7A06135             ,0.893034731,1688,70750,0.00065,68,132
7A06134             ,0.920440636,1675,75200,0.0007,68,132
7A06132             ,0.902559836,1653,69650,0.00047,80,132
7A06131             ,0.999129786,1651,70500,0.00059,60,132
7A06130             ,0.837476215,1666,66350,0.00041,95,132
7A06128             ,0.911280272,1675,71100,0.00049,80,132
7A06127             ,0.831678666,1647,70800,0.00044,95,132
7A06125             ,0.986682028,1667,76050,0.00047,80,132
7A06124             ,0.923756491,1677,72300,0.00053,85,132
7A06123             ,0.911064667,1656,71600,0.00033,102,132
7A06122             ,0.911319849,1658,70700,0.00052,85,132
7A06121             ,0.898222918,1662,69800,0.00051,85,132
7A06120             ,0.939582278,1625,74600,0.00041,95,132
7A06117             ,0.800581487,1658,69550,0.00089,68,88
7A06116             ,0.876024762,1692,74800,0.00066,85,88
7A06115             ,0.692193589,1653,69250,0.0013,34,88
7A06114             ,0.905547039,1693,74000,0.0008,68,88
7A06112             ,0.971548142,1653,70150,0.00023,102,88
7A06110             ,0.914774474,1659,71300,0.00038,102,88
7A06109             ,0.802228322,1645,69750,0.00109,51,88
7A06108             ,0.948132328,1671,73300,0.00068,85,88
7A06107             ,0.991439318,1704,72350,0.00097,51,88
7A06106             ,0.951318693,1653,71750,0.00102,51,88
7A06105             ,0.898744987,1677,64700,0.0008,68,88
7A06103             ,0.9959961,1708,73350,0.0011,34,88
7A06101             ,0.720454187,1684,63450,0.00076,65,132
7A06100             ,0.88601577,1673,70750,0.00078,68,132
7A06099             ,0.929928787,1648,68650,0.00065,68,132
7A06098             ,0.863603026,1662,71250,0.00083,68,132
7A06097             ,0.864359006,1684,70400,0.00075,62,132
7A06096             ,0.74534459,1660,65800,0.0009,58,132
7A06095             ,0.961439876,1662,70300,0.00081,54,132
7A06094             ,0.95635436,1683,71100,0.00066,68,132
7A06093             ,0.970204714,1676,69200,0.00077,54,132
7A06092             ,0.899532791,1688,72200,0.00086,54,132
7A06091             ,0.731813694,1683,71250,0.00107,54,132
7A06090             ,0.918785156,1804,72150,0.00067,68,132
7A06089             ,0.664958766,1648,64000,0.00093,68,132
7A06088             ,0.827810651,1693,69950,0.0009,54,132
7A06087             ,0.9747288,1639,74050,0.00041,102,88
7A06086             ,0.86662744,1662,71950,0.00056,95,88
7A06085             ,0.984807153,1683,76450,0.0006,85,88
7A06084             ,0.917978512,1656,71200,0.00068,77,88
7A06083             ,0.970506037,1698,72750,0.00061,85,88
7A06081             ,0.843926069,1651,69900,0.00058,85,88
7A06080             ,0.90940669,1661,74650,0.00055,102,88
7A06078             ,0.916918239,1672,71700,0.00057,95,88
7A06076             ,0.953709178,1669,75700,0.00051,95,88
7A06075             ,0.95831283,1666,71000,0.00048,95,88
7A06073             ,0.957658321,1667,72250,0.00051,95,88
7A06072             ,0.972864367,1639,74300,0.00066,85,88
7A06071             ,0.968162649,1667,72450,0.00076,68,88
7A06070             ,0.912073068,1666,68350,0.0009,51,88
7A06068             ,0.983712908,1704,69900,0.00076,68,88
7A06067             ,0.934711359,1686,71500,0.00082,68,88
7A06066             ,0.931742776,1710,73550,0.00052,85,88
7A06065             ,0.931795882,1677,72600,0.00106,51,88
7A06064             ,0.881300444,0,72750,0.00067,85,88
7A06062             ,0.926002698,1724,67500,0.00038,85,88
